image_id,path,question,answer,difficulty
71kk0N6dR2L,3a/3adc1d6c.jpg,What is the necklace's main feature?,Pendant,0
71kk0N6dR2L,3a/3adc1d6c.jpg,What is the wishbone pendant's material?,Silver,0
71kk0N6dR2L,3a/3adc1d6c.jpg,What kind of closure does the necklace have?,Spring-ring,1
71kk0N6dR2L,3a/3adc1d6c.jpg,Where should you store the necklace?,Pouch,0
71kk0N6dR2L,3a/3adc1d6c.jpg,What coating might the necklace have?,Electrocoating,1
81M+JMkxSSL,38/3896badb.jpg,What phone model is the case designed for?,F15,0
81M+JMkxSSL,38/3896badb.jpg,What accessibility features are included with the case?,Cutouts,2
81M+JMkxSSL,38/3896badb.jpg,What is a feature of the case regarding flat surfaces?,Bezel,0
81M+JMkxSSL,38/3896badb.jpg,What adjective describes the design of the case?,Stylish,1
81M+JMkxSSL,38/3896badb.jpg,What material is mentioned as accessible?,Volume,0
81xqoFTLaML,b8/b8eb7f6c.jpg,What flavor is advertised?,Lemon,0
81xqoFTLaML,b8/b8eb7f6c.jpg,What form is it in?,Triglyceride,1
81xqoFTLaML,b8/b8eb7f6c.jpg,What quantity of Coenzyme Q10 is included?,100mg,0
81xqoFTLaML,b8/b8eb7f6c.jpg,What kind of fish is included?,Wild-caught,0
81xqoFTLaML,b8/b8eb7f6c.jpg,How much Total Omega-3s are included?,1280mg,2
A1AFTjFpqiL,a7/a74950db.jpg,What material is the sheet made from?,Cotton,0
A1AFTjFpqiL,a7/a74950db.jpg,What is a visual characteristic of the material?,Heathered,1
A1AFTjFpqiL,a7/a74950db.jpg,What textile is the sheet described as?,Jersey,1
A1AFTjFpqiL,a7/a74950db.jpg,How many centimeters is the height dimension of the sheet?,38,0
A1AFTjFpqiL,a7/a74950db.jpg,What pattern is Pinzon's duvet?,Stripe,1
71DSBhwbFJL,e4/e48408c7.jpg,What kind of device is the case designed for?,Oppo,0
71DSBhwbFJL,e4/e48408c7.jpg,What feature is expressed by the phone case design?,Personality,1
71DSBhwbFJL,e4/e48408c7.jpg,What color are the ports?,Silver,1
71DSBhwbFJL,e4/e48408c7.jpg,What type of material is shown on the case?,Wood,0
71DSBhwbFJL,e4/e48408c7.jpg,How many cutouts are specifically mentioned?,Three,5
7148pib2SuL,4e/4ed7f56c.jpg,What is the fluid volume of one bottle?,Eighteen,0
7148pib2SuL,4e/4ed7f56c.jpg,What type of lotion is shown?,Baby,3
7148pib2SuL,4e/4ed7f56c.jpg,What animal features in the brand's logo?,Bear,0
7148pib2SuL,4e/4ed7f56c.jpg,What color is the lotion pump?,Blue,0
7148pib2SuL,4e/4ed7f56c.jpg,What is the product's guarantee period?,Year,1
71N7V0t1m+L,0b/0b68d009.jpg,What brand phone is the case designed for?,Asus,1
71N7V0t1m+L,0b/0b68d009.jpg,What is the design described as?,Stylish,1
71N7V0t1m+L,0b/0b68d009.jpg,What number phone is the case for?,Two,0
71N7V0t1m+L,0b/0b68d009.jpg,Which port has a cutout?,Audio,0
71N7V0t1m+L,0b/0b68d009.jpg,What type of surface does the bezel lift the screen off?,Flat,0
716ekkw3R1L,af/afca9033.jpg,What color is the chair?,Black,0
716ekkw3R1L,af/afca9033.jpg,What is the maximum weight capacity of the chair?,Two-seventy-five,0
716ekkw3R1L,af/afca9033.jpg,How many degrees does the chair swivel?,Three-sixty,0
716ekkw3R1L,af/afca9033.jpg,What is the height adjustment type?,Pneumatic,3
716ekkw3R1L,af/afca9033.jpg,What material is the chair upholstered with?,Leather,0
61aj9ttg0vL,b4/b4d7b1de.jpg,What shape is the lollipop in the image?,Heart,0
61aj9ttg0vL,b4/b4d7b1de.jpg,Which color is the top half of the case?,Aquamarine,0
61aj9ttg0vL,b4/b4d7b1de.jpg,What kind of case is being advertised?,Mobile,0
61aj9ttg0vL,b4/b4d7b1de.jpg,What company's phone is this case for?,InFocus,2
61aj9ttg0vL,b4/b4d7b1de.jpg,What feature is described as raised?,Bezel,0
61KKuAf3C4L,b7/b755c1dd.jpg,What is the product's intended function?,Eliminator,1
61KKuAf3C4L,b7/b755c1dd.jpg,How many pods are included?,Six,1
61KKuAf3C4L,b7/b755c1dd.jpg,What brand is advertised on the label?,Amazon,0
61KKuAf3C4L,b7/b755c1dd.jpg,In what form are the contents delivered?,Pods,0
61KKuAf3C4L,b7/b755c1dd.jpg,What volume does one pod create in solution?,Ounces,0
81YzR+1qcRL,b3/b335044f.jpg,What material comprises the frame?,Iron,0
81YzR+1qcRL,b3/b335044f.jpg,What is the mirror's shape?,Circular,1
81YzR+1qcRL,b3/b335044f.jpg,What style room is suggested for this mirror?,Contemporary,1
81YzR+1qcRL,b3/b335044f.jpg,What is the mirror's diameter?,Twenty-four,0
81YzR+1qcRL,b3/b335044f.jpg,What is the frame's finish?,Rust,3
61t-OmwQouL,da/da620d9a.jpg,What color is the phone case's background?,Black,1
61t-OmwQouL,da/da620d9a.jpg,Which phone brand is this case compatible with?,Oppo,0
61t-OmwQouL,da/da620d9a.jpg,What is considered easy with this case?,Removal,0
61t-OmwQouL,da/da620d9a.jpg,What phrase is written in blue lettering?,IamMe,0
61t-OmwQouL,da/da620d9a.jpg,What feature does the raised bezel protect?,Camera,1
81wTjS-jpBL,0d/0d696692.jpg,What material is the case made of?,Hard,3
81wTjS-jpBL,0d/0d696692.jpg,For which phone brand is the case designed?,Samsung,0
81wTjS-jpBL,0d/0d696692.jpg,What is the printed pattern designed to express?,Personality,1
81wTjS-jpBL,0d/0d696692.jpg,Which generation of Galaxy J phone is this for?,Seventh,0
81wTjS-jpBL,0d/0d696692.jpg,What part does the raised bezel protect?,Camera,5
81lXGMt9aeL,fa/fa058883.jpg,What color is the object?,Black,1
81lXGMt9aeL,fa/fa058883.jpg,What material is the object likely made of?,Neoprene,0
81lXGMt9aeL,fa/fa058883.jpg,What type of closure appears to be present?,Velcro,5
81lXGMt9aeL,fa/fa058883.jpg,What general purpose might this object serve?,Support,2
81lXGMt9aeL,fa/fa058883.jpg,How many attachment points are visible?,One,0
81hwBSX4t7L,97/97677e2d.jpg,What is the shape of the chair's design?,Curved,1
81hwBSX4t7L,97/97677e2d.jpg,What is the seat depth in inches?,Twenty-two,0
81hwBSX4t7L,97/97677e2d.jpg,What material is the frame made of?,Hardwood,2
81hwBSX4t7L,97/97677e2d.jpg,What is the fabric composition?,Polyester,0
81hwBSX4t7L,97/97677e2d.jpg,How many days are allowed for free returns?,Thirty,0
61K8AKqsxSL,66/669d88d1.jpg,What phone brand is compatible with the case?,Samsung,0
61K8AKqsxSL,66/669d88d1.jpg,What year is the Galaxy J5 model?,2016,0
61K8AKqsxSL,66/669d88d1.jpg,What kind of material is the back of the case made of?,Hard,0
61K8AKqsxSL,66/669d88d1.jpg,What is the woman in the image wearing?,Dress,0
61K8AKqsxSL,66/669d88d1.jpg,What function do the perfect cutouts provide access to?,Volume,1
71Hzsdun1zL,30/30487106.jpg,What device is the case designed for?,Vivo,0
71Hzsdun1zL,30/30487106.jpg,What material makes up the back?,Hard,0
71Hzsdun1zL,30/30487106.jpg,What kind of design is featured?,Stylish,0
71Hzsdun1zL,30/30487106.jpg,What part of the phone does the bezel lift?,Camera,0
71Hzsdun1zL,30/30487106.jpg,How many ports are accessible?,Two,0
61FdXg1YASL,26/263eb355.jpg,Which company manufactures this phone?,Samsung,5
61FdXg1YASL,26/263eb355.jpg,What is the main color of the phone case?,Turquoise,1
61FdXg1YASL,26/263eb355.jpg,"Which device is ""Note 10""?",Galaxy,0
61FdXg1YASL,26/263eb355.jpg,What covers the phone's camera lens?,Bezel,0
61FdXg1YASL,26/263eb355.jpg,What is printed on the back of the case?,Beard,1
61o2BhegsEL,6f/6fbf8c63.jpg,How many prongs hold each gem?,Four,0
61o2BhegsEL,6f/6fbf8c63.jpg,What Institute certifies the jewelry?,Gemological,5
61o2BhegsEL,6f/6fbf8c63.jpg,What shape are the gems?,Round,0
61o2BhegsEL,6f/6fbf8c63.jpg,Where are the earrings manufactured?,States,1
61o2BhegsEL,6f/6fbf8c63.jpg,What kind of backing do they have?,Screw-post,1
71+tkyIgAHL,fa/fad03a94.jpg,What brand is the phone case designed for?,Oppo,0
71+tkyIgAHL,fa/fad03a94.jpg,What physical feature is the phone case designed to protect?,Camera,0
71+tkyIgAHL,fa/fad03a94.jpg,What adjective describes the design?,Stylish,0
71+tkyIgAHL,fa/fad03a94.jpg,What is the number of Zs in the compatible phone model?,One,1
71+tkyIgAHL,fa/fad03a94.jpg,What does the design express?,Personality,0
51icEySVZcL,3f/3f814c39.jpg,What material is the body made of?,Alloy,1
51icEySVZcL,3f/3f814c39.jpg,How many keys are included?,Two,0
51icEySVZcL,3f/3f814c39.jpg,What is the latch made of?,Zinc,3
51icEySVZcL,3f/3f814c39.jpg,What shape is the faceplate?,Rounded,0
51icEySVZcL,3f/3f814c39.jpg,What is the warranty duration?,Year,1
41uiqIgBnUL,47/4747e131.jpg,What color is the lampshade?,White,0
41uiqIgBnUL,47/4747e131.jpg,What is the base's color?,Bronze,2
41uiqIgBnUL,47/4747e131.jpg,How many watts is the included LED bulb?,Nine,1
41uiqIgBnUL,47/4747e131.jpg,What shape is the shade?,Drum,1
41uiqIgBnUL,47/4747e131.jpg,How tall is the lamp in inches?,28.25,0
71-TsCuqUAL,ca/cae1c478.jpg,What is the advertised brand of phone this case is for?,Vivo,0
71-TsCuqUAL,ca/cae1c478.jpg,What adjective describes the advertised material of the case?,Hard,1
71-TsCuqUAL,ca/cae1c478.jpg,What is the case's basic structural form?,Cover,0
71-TsCuqUAL,ca/cae1c478.jpg,How is the case's design described?,Stylish,0
71-TsCuqUAL,ca/cae1c478.jpg,What is the model number of the phone?,V1,0
71IflQ-ISjL,22/22432b64.jpg,What phone is the case designed for?,Y81i,1
71IflQ-ISjL,22/22432b64.jpg,What covers the phone?,Case,0
71IflQ-ISjL,22/22432b64.jpg,What shape are the eyes?,Oval,0
71IflQ-ISjL,22/22432b64.jpg,What is the color of the phone case?,Blue,1
71IflQ-ISjL,22/22432b64.jpg,How many ports are mentioned?,Three,1
71NNWwn2RdL,2a/2a9acc55.jpg,Which brand is the phone case compatible with?,Xiaomi,0
71NNWwn2RdL,2a/2a9acc55.jpg,What creature is pictured on the phone case?,Snake,0
71NNWwn2RdL,2a/2a9acc55.jpg,What color are the vertical stripes?,Red,0
71NNWwn2RdL,2a/2a9acc55.jpg,How many cameras are visible on the case?,Five,0
71NNWwn2RdL,2a/2a9acc55.jpg,What part of the phone is the raised bezel protecting?,Camera,1
61Eu6qUq84L,a0/a0b7013f.jpg,Which phone is the case designed for?,Lyf,1
61Eu6qUq84L,a0/a0b7013f.jpg,What color is predominantly displayed on the phone case's screen?,Black,1
61Eu6qUq84L,a0/a0b7013f.jpg,What component does the case feature raised bezels for?,Camera,0
61Eu6qUq84L,a0/a0b7013f.jpg,What material is ideal to put and take off the phone case?,Cutouts,0
61Eu6qUq84L,a0/a0b7013f.jpg,How many volume buttons can the phone case support?,Two,0
811xi+ecxOL,43/4398c320.jpg,What is the product type?,Case,0
811xi+ecxOL,43/4398c320.jpg,What is the case's material?,Hard,1
811xi+ecxOL,43/4398c320.jpg,Which phone is the case for?,Vivo,1
811xi+ecxOL,43/4398c320.jpg,How are the buttons cut?,Perfect,1
811xi+ecxOL,43/4398c320.jpg,What color is prevalent?,Red,1
9158j1GfybL,75/7502b754.jpg,What brand name appears on the ball?,Amazonbasics,0
9158j1GfybL,75/7502b754.jpg,What is the predominant color of the ball?,Purple,0
9158j1GfybL,75/7502b754.jpg,What is printed inside the white rectangle?,Fourteen,3
9158j1GfybL,75/7502b754.jpg,What is the overall shape of the product?,Sphere,1
9158j1GfybL,75/7502b754.jpg,What material is used for gripping?,Rubber,0
71r5S5OG3JL,87/87128fb4.jpg,What filling material is in the comforter?,Polyester,0
71r5S5OG3JL,87/87128fb4.jpg,What percentage of microfibre is the shell?,Hundred,0
71r5S5OG3JL,87/87128fb4.jpg,What pattern is used on the comforter?,Stitched,0
71r5S5OG3JL,87/87128fb4.jpg,What color is described as 'cheery'?,Yellow,0
71r5S5OG3JL,87/87128fb4.jpg,What is the comforter's width in centimeters?,150,0
91J8sWZrJtL,ea/ea679a7f.jpg,What type of arm does the sofa have?,Roll,2
91J8sWZrJtL,ea/ea679a7f.jpg,What is the sofa's material?,Polyester,1
91J8sWZrJtL,ea/ea679a7f.jpg,What is the sofa's width?,Eighty-two,1
91J8sWZrJtL,ea/ea679a7f.jpg,What is the height of the front legs?,Five-point-twenty-five,1
91J8sWZrJtL,ea/ea679a7f.jpg,What is the assembly time?,Fifteen,0
71w29iPatBL,ee/eeb346cb.jpg,What type of animal is the motif?,Cat,1
71w29iPatBL,ee/eeb346cb.jpg,What is the motif's height in centimeters?,1.9,0
71w29iPatBL,ee/eeb346cb.jpg,What is the length of the adjuster in centimeters?,3,0
71w29iPatBL,ee/eeb346cb.jpg,What is the total length of the necklace in centimeters?,40,0
71w29iPatBL,ee/eeb346cb.jpg,What is the color of the necklace?,Gold,1
71JxOM9B+pL,d6/d62af780.jpg,What material is the case made of?,Hard,0
71JxOM9B+pL,d6/d62af780.jpg,What is the design on the cover?,Monster,1
71JxOM9B+pL,d6/d62af780.jpg,For what brand of phone is this case designed?,Micromax,0
71JxOM9B+pL,d6/d62af780.jpg,Which Canvas series phone is this cover for?,Nitro,0
71JxOM9B+pL,d6/d62af780.jpg,What kind of ports does the design allow access to?,Charging,0
71UaZvECZRL,2a/2a00204d.jpg,What material is used to make the outer part of the bulb?,Glass,1
71UaZvECZRL,2a/2a00204d.jpg,What is the color of the filaments?,Yellow,0
71UaZvECZRL,2a/2a00204d.jpg,How many bulbs are in the image?,Two,1
71UaZvECZRL,2a/2a00204d.jpg,What shape is the lightbulb?,Teardrop,0
71UaZvECZRL,2a/2a00204d.jpg,What is the base of the lightbulb made of?,Metal,0
61H6TBW4ZYL,89/89ef545a.jpg,What color is on the left side of the case?,Pink,3
61H6TBW4ZYL,89/89ef545a.jpg,Which phone model is the case designed for?,Samsung,0
61H6TBW4ZYL,89/89ef545a.jpg,What are the round things at the end of the headphone wire called?,Earcups,1
61H6TBW4ZYL,89/89ef545a.jpg,What type of buttons are the cutouts made for?,Volume,1
61H6TBW4ZYL,89/89ef545a.jpg,What is raised to lift the camera?,Bezel,0
516OHgI0KpL,0d/0d8462eb.jpg,What shape is the table surface?,Square,0
516OHgI0KpL,0d/0d8462eb.jpg,What material is the table primarily made of?,Wood,5
516OHgI0KpL,0d/0d8462eb.jpg,How many legs support the table?,Four,0
516OHgI0KpL,0d/0d8462eb.jpg,What is positioned below the main table surface?,Shelf,1
516OHgI0KpL,0d/0d8462eb.jpg,What is the table's color?,Beige,0
71YSr95xL7L,69/69bdb27f.jpg,What is the shape of the glass top?,Square,0
71YSr95xL7L,69/69bdb27f.jpg,What material is the frame made of?,Metal,1
71YSr95xL7L,69/69bdb27f.jpg,What finish is on the metal frame?,Gold,0
71YSr95xL7L,69/69bdb27f.jpg,How many shelves does the table have?,Two,0
71YSr95xL7L,69/69bdb27f.jpg,What is the table's height in inches?,15.7,0
71eA1sU+HqL,a6/a647cf44.jpg,Which phone model is this case designed for?,Y71,0
71eA1sU+HqL,a6/a647cf44.jpg,What is the Eiffel Tower made of?,Iron,0
71eA1sU+HqL,a6/a647cf44.jpg,What is the dominant color in the top section of the case design?,Blue,0
71eA1sU+HqL,a6/a647cf44.jpg,What are the cut-outs designed for?,Buttons,1
71eA1sU+HqL,a6/a647cf44.jpg,Which city's clock tower is shown?,London,0
71Cr7mS9g+L,e0/e0b8df18.jpg,What color is the chevron pattern?,Pink,0
71Cr7mS9g+L,e0/e0b8df18.jpg,What avian creature is featured?,Owl,0
71Cr7mS9g+L,e0/e0b8df18.jpg,What type of material is used for the case?,Hard,2
71Cr7mS9g+L,e0/e0b8df18.jpg,How many decades are implied in the phone name?,Two,1
71Cr7mS9g+L,e0/e0b8df18.jpg,What feature is raised for camera protection?,Bezel,0
71NzelZ-cXL,96/96727408.jpg,What is the primary color of the phone case?,Pink,1
71NzelZ-cXL,96/96727408.jpg,Which brand of phone is this case for?,LG,0
71NzelZ-cXL,96/96727408.jpg,What word is written in a script font?,Girl,0
71NzelZ-cXL,96/96727408.jpg,What is the case's intended fit type?,Snug,0
71NzelZ-cXL,96/96727408.jpg,How many volume buttons can the case accommodate?,Two,2
61Yy1AOYdZL,37/373f7ccb.jpg,What brand is on the battery?,Amazonbasics,1
61Yy1AOYdZL,37/373f7ccb.jpg,What color is the top of the battery?,Green,1
61Yy1AOYdZL,37/373f7ccb.jpg,What type of battery is pictured?,Rechargeable,1
61Yy1AOYdZL,37/373f7ccb.jpg,What is the battery's mAh rating?,5000,0
61Yy1AOYdZL,37/373f7ccb.jpg,What battery size is shown?,C,1
B1vtcrAQ91S,34/3410e4b6.jpg,What is the general tone of the pictured material?,Neutral,1
B1vtcrAQ91S,34/3410e4b6.jpg,What material could have this weave pattern?,Fabric,1
B1vtcrAQ91S,34/3410e4b6.jpg,What color is the shown background?,Grey,2
B1vtcrAQ91S,34/3410e4b6.jpg,What is the texture like?,Woven,2
B1vtcrAQ91S,34/3410e4b6.jpg,How many dominant colors appear?,One,0
61K4lJ7cvsL,da/dad8a355.jpg,What is the phone case brand designed for?,Oppo,1
61K4lJ7cvsL,da/dad8a355.jpg,What adjective describes the design's appearance?,Stylish,0
61K4lJ7cvsL,da/dad8a355.jpg,What part has cutouts on the phone case?,Volume,3
61K4lJ7cvsL,da/dad8a355.jpg,What type of ports are mentioned?,Charging,0
61K4lJ7cvsL,da/dad8a355.jpg,What surface is the camera lifted from?,Flat,0
81WEcAxxweL,bc/bcd83035.jpg,What is the product advertised?,Beetroot,5
81WEcAxxweL,bc/bcd83035.jpg,What is the weight of the advertised product?,455g,0
81WEcAxxweL,bc/bcd83035.jpg,What kind of nutrition is advertised?,Functional,0
81WEcAxxweL,bc/bcd83035.jpg,What material is specified to be pure?,Beetroot,0
81WEcAxxweL,bc/bcd83035.jpg,How many ounces of fresh beets equal one serving?,Two,0
61Q+luxKlrL,36/3650749d.jpg,What brand phone is this case compatible with?,Oppo,0
61Q+luxKlrL,36/3650749d.jpg,What is the appearance of the design?,Stylish,1
61Q+luxKlrL,36/3650749d.jpg,What material does the case imitate?,Leather,0
61Q+luxKlrL,36/3650749d.jpg,How many camera lenses are visible?,Two,3
61Q+luxKlrL,36/3650749d.jpg,What is the dominant color on the left side?,Red,1
61qGcqpwLQL,0e/0e433762.jpg,Which brand phone is the case for?,Samsung,0
61qGcqpwLQL,0e/0e433762.jpg,What part of the phone does the bezel lift?,Camera,0
61qGcqpwLQL,0e/0e433762.jpg,What is the case's overall style?,Stylish,0
61qGcqpwLQL,0e/0e433762.jpg,What color is the background of the case design?,Yellow,0
61qGcqpwLQL,0e/0e433762.jpg,How many words are in the phrase on the case?,Four,0
71Hr25L1YzL,65/650afe70.jpg,What fabric is the cover made of?,Leatherette,0
71Hr25L1YzL,65/650afe70.jpg,What type of protection does the beanbag have?,Anti-spill,1
71Hr25L1YzL,65/650afe70.jpg,What type of warranty is offered?,Limited,0
71Hr25L1YzL,65/650afe70.jpg,What shape is the beanbag?,Teardrop,0
71Hr25L1YzL,65/650afe70.jpg,How many kilograms of beans are needed?,Two,0
714fTpakAhL,3c/3c36236d.jpg,What bird is featured on the phone case?,Crane,0
714fTpakAhL,3c/3c36236d.jpg,What kind of cutouts are featured?,Volume,0
714fTpakAhL,3c/3c36236d.jpg,What is expressed through the design?,Personality,0
714fTpakAhL,3c/3c36236d.jpg,What type of surface is protected?,Screen,0
714fTpakAhL,3c/3c36236d.jpg,What is the cover's stated warranty?,,0
71Qv-0fKesL,00/009720b7.jpg,What phone model is this case designed for?,Huawei,0
71Qv-0fKesL,00/009720b7.jpg,What material is the back of the case made of?,Hard,2
71Qv-0fKesL,00/009720b7.jpg,How would you describe the design on the case?,Stylish,0
71Qv-0fKesL,00/009720b7.jpg,What type of cutouts are included?,Volume,1
71Qv-0fKesL,00/009720b7.jpg,How many warranties are provided with the case?,Zero,0
71fOnXaol5L,4d/4d87de8f.jpg,What color is the chair?,White,1
71fOnXaol5L,4d/4d87de8f.jpg,What kind of chair is shown?,Office,1
71fOnXaol5L,4d/4d87de8f.jpg,What are the armrests attached to?,Frame,0
71fOnXaol5L,4d/4d87de8f.jpg,What is the base made of?,Metal,2
71fOnXaol5L,4d/4d87de8f.jpg,What are on the bottom of the legs?,Wheels,2
616kfvE5YuL,12/126b6707.jpg,What brand is the depicted phone case for?,Samsung,0
616kfvE5YuL,12/126b6707.jpg,What is the case made of?,Material,0
616kfvE5YuL,12/126b6707.jpg,How are the buttons accessed?,Cutouts,0
616kfvE5YuL,12/126b6707.jpg,What word is printed on the case regarding the need of some people?,High-Five,0
616kfvE5YuL,12/126b6707.jpg,What type of finish does the cover have?,Hard,0
71ZhxSPHKzL,15/15963508.jpg,Which brand of phone is the case designed for?,Lenovo,0
71ZhxSPHKzL,15/15963508.jpg,What is the color of the background?,Blue,1
71ZhxSPHKzL,15/15963508.jpg,What kind of ports have perfect cut-outs?,Charging,0
71ZhxSPHKzL,15/15963508.jpg,What kind of design does the case have?,Stylish,0
71ZhxSPHKzL,15/15963508.jpg,What is raised to protect the camera?,Bezel,0
81OecZInESL,ce/ce146535.jpg,What phone brand is the cover for?,Samsung,2
81OecZInESL,ce/ce146535.jpg,What type of case is it?,Hard,0
81OecZInESL,ce/ce146535.jpg,What style is the design?,Stylish,0
81OecZInESL,ce/ce146535.jpg,Which Samsung Galaxy model is this for?,S7,2
81OecZInESL,ce/ce146535.jpg,What is not included?,Warranty,0
71MTp-twyHL,1e/1edef6ad.jpg,What type of phone is the case for?,Samsung,0
71MTp-twyHL,1e/1edef6ad.jpg,What buttons have cut-outs on the case?,Volume,0
71MTp-twyHL,1e/1edef6ad.jpg,What kind of personality does this case express?,Unique,1
71MTp-twyHL,1e/1edef6ad.jpg,What is the case bezel designed to lift?,Screen,1
71MTp-twyHL,1e/1edef6ad.jpg,How many Galaxy phone models is the case compatible with?,One,0
A1zGA44mLrL,ee/eee160a2.jpg,What is the background's hue?,Grey,1
A1zGA44mLrL,ee/eee160a2.jpg,What shape appears repeatedly?,Arc,1
A1zGA44mLrL,ee/eee160a2.jpg,What describes the line color?,Silver,1
A1zGA44mLrL,ee/eee160a2.jpg,How is the pattern arranged?,Symmetrically,0
A1zGA44mLrL,ee/eee160a2.jpg,What overall impression is conveyed?,Geometric,0
91TFgE9WJyL,88/884afbde.jpg,What material is the insole made of?,Foam,0
91TFgE9WJyL,88/884afbde.jpg,What color are the laces?,Grey,0
91TFgE9WJyL,88/884afbde.jpg,What type of outsole is featured?,Traction,2
91TFgE9WJyL,88/884afbde.jpg,What kind of overlays are present?,Synthetic,0
91TFgE9WJyL,88/884afbde.jpg,What is the brand of the shoe?,Amazon,0
71-aJVwE8cL,bd/bdd6192a.jpg,What color is the topmost visible layer?,Green,5
71-aJVwE8cL,bd/bdd6192a.jpg,What color is the binding around the top layer?,Black,1
71-aJVwE8cL,bd/bdd6192a.jpg,What general shape is the object?,Rectangular,0
71-aJVwE8cL,bd/bdd6192a.jpg,How many distinct layers are visible?,Four,0
71-aJVwE8cL,bd/bdd6192a.jpg,What is the visible texture of the top layer?,Smooth,1
71pAjdzwu-L,50/50b9506c.jpg,What color is the boot's lining?,Red,1
71pAjdzwu-L,50/50b9506c.jpg,What type of footwear is this?,Boot,0
71pAjdzwu-L,50/50b9506c.jpg,What material appears to be the boot's primary component?,Suede,0
71pAjdzwu-L,50/50b9506c.jpg,What color are the shoelaces?,White,0
71pAjdzwu-L,50/50b9506c.jpg,What is the sole's color?,Cream,1
610W9J3NyfL,dc/dcd5c5af.jpg,What gem accents the cross?,Diamond,0
610W9J3NyfL,dc/dcd5c5af.jpg,What color is the metal?,Yellow,1
610W9J3NyfL,dc/dcd5c5af.jpg,What symbol is on the ring?,Cross,0
610W9J3NyfL,dc/dcd5c5af.jpg,How were the rings potentially made?,Handmade,1
610W9J3NyfL,dc/dcd5c5af.jpg,Where were the rings imported from?,Imported,0
71zHNpfit4L,4d/4de70eba.jpg,What material is the back case made from?,Hard,0
71zHNpfit4L,4d/4de70eba.jpg,Which brand phone is this case designed for?,Sony,0
71zHNpfit4L,4d/4de70eba.jpg,What type of ports are cut out?,Charging,0
71zHNpfit4L,4d/4de70eba.jpg,What style is the case design?,Stylish,3
71zHNpfit4L,4d/4de70eba.jpg,How are the buttons described as being accessed?,Easy,0
81+FGwXqOzL,ac/acc7c8b6.jpg,What kind of extract is in the capsules?,Kiwi,1
81+FGwXqOzL,ac/acc7c8b6.jpg,What milligram amount of Actazin Kiwi extract powder is in the supplement?,600,0
81+FGwXqOzL,ac/acc7c8b6.jpg,What kind of capsules are they?,Vegan,0
81+FGwXqOzL,ac/acc7c8b6.jpg,How many capsules are in the container?,Sixty,0
81+FGwXqOzL,ac/acc7c8b6.jpg,What function do these capsules support?,Gastrointestinal,1
81Z2HhrPaOL,8b/8b945e6b.jpg,What material is the back cover?,Hard,1
81Z2HhrPaOL,8b/8b945e6b.jpg,What fruit logo is visible?,Apple,0
81Z2HhrPaOL,8b/8b945e6b.jpg,What item does the case protect?,iPhone,0
81Z2HhrPaOL,8b/8b945e6b.jpg,What number is indicated as part of the model?,Seven,0
81Z2HhrPaOL,8b/8b945e6b.jpg,What pattern is on the case?,Brick,0
7174KqEUEvL,89/89619ca2.jpg,What animal is prominently displayed?,Panda,1
7174KqEUEvL,89/89619ca2.jpg,What color are the pandas besides white?,Black,1
7174KqEUEvL,89/89619ca2.jpg,What phone is the case compatible with?,Itel,1
7174KqEUEvL,89/89619ca2.jpg,What kind of cutouts are there?,Volume,1
7174KqEUEvL,89/89619ca2.jpg,What personality trait does the design express?,Unique,0
61LKi+Zz10L,e0/e047d451.jpg,What is the necklace's material?,Silver,2
61LKi+Zz10L,e0/e047d451.jpg,What object is the necklace?,Pendant,1
61LKi+Zz10L,e0/e047d451.jpg,What kind of stone is on the necklace?,Swarovski,0
61LKi+Zz10L,e0/e047d451.jpg,What is the gemstone's color?,Green,1
61LKi+Zz10L,e0/e047d451.jpg,What is on the necklace?,Chain,0
61rUi5IPxjL,6f/6f150742.jpg,What is the apparent shape of the stone arrangement?,Flower,0
61rUi5IPxjL,6f/6f150742.jpg,What is the color of the stones?,Burgundy,0
61rUi5IPxjL,6f/6f150742.jpg,What material is the ring band likely made of?,Metal,1
61rUi5IPxjL,6f/6f150742.jpg,What shape is the ring band?,Circular,0
61rUi5IPxjL,6f/6f150742.jpg,How many stones are visible on the ring?,Five,1
71AE6MR3kkL,e6/e602dd89.jpg,What brand of phone is the case for?,Oppo,1
71AE6MR3kkL,e6/e602dd89.jpg,What word appears before 'World'?,Mommy's,0
71AE6MR3kkL,e6/e602dd89.jpg,What is the design said to express?,Personality,1
71AE6MR3kkL,e6/e602dd89.jpg,What is raised to lift the screen and camera?,Bezel,0
71AE6MR3kkL,e6/e602dd89.jpg,What is 'fit' for this device?,Snug,0
81Puxv4Z3hL,63/63133fce.jpg,What embellishment is on the hat?,Pom-pom,0
81Puxv4Z3hL,63/63133fce.jpg,What is the texture of the scarf and hat set?,Cozy,0
81Puxv4Z3hL,63/63133fce.jpg,What season is this set designed for?,Winter,0
81Puxv4Z3hL,63/63133fce.jpg,What type of material is the pom-pom?,Fur,1
81Puxv4Z3hL,63/63133fce.jpg,What is the color of the hat and scarf set?,Grey,0
510tpsjC8YL,74/744b8d59.jpg,What percentage of fat is in the milk?,Two,0
510tpsjC8YL,74/744b8d59.jpg,What brand is the milk?,Amazon,0
510tpsjC8YL,74/744b8d59.jpg,What vitamin is found in this milk?,Vitamin,0
510tpsjC8YL,74/744b8d59.jpg,What is the milk guaranteed to be free of?,rBST,0
510tpsjC8YL,74/744b8d59.jpg,How many fluid ounces are in the container?,128,0
71Fea79X4pL,83/83d18f64.jpg,What is the primary material of the shoe?,Patent,1
71Fea79X4pL,83/83d18f64.jpg,What type of strap is featured?,Ankle,0
71Fea79X4pL,83/83d18f64.jpg,What best describes the sheen?,Glossy,1
71Fea79X4pL,83/83d18f64.jpg,How many shoes are visible?,One,0
71Fea79X4pL,83/83d18f64.jpg,What part of the shoe is raised?,Heel,0
81bDsRiQyhL,c2/c249d4fa.jpg,What type of salad is in the bag?,Romaine,1
81bDsRiQyhL,c2/c249d4fa.jpg,How many times has the salad been washed?,Three,1
81bDsRiQyhL,c2/c249d4fa.jpg,What color is the top of the bag?,Magenta,0
81bDsRiQyhL,c2/c249d4fa.jpg,Which company sells this product?,WholeFoods,0
81bDsRiQyhL,c2/c249d4fa.jpg,What is the certification of the product?,Organic,0
719jfLb1qKL,03/034942a5.jpg,What is the shoe's closure type?,Slip-on,0
719jfLb1qKL,03/034942a5.jpg,What material are the wrapping ties made of?,Strap,0
719jfLb1qKL,03/034942a5.jpg,What is the apparent color of the shoe?,Black,0
719jfLb1qKL,03/034942a5.jpg,What height is the profile of the depicted shoe?,Low,2
719jfLb1qKL,03/034942a5.jpg,Where do the ties wrap?,Ankle,5
41I0F49A1HL,3d/3dff5e21.jpg,How many bath towels are included in the set?,Two,0
41I0F49A1HL,3d/3dff5e21.jpg,What is the towel material?,Cotton,1
41I0F49A1HL,3d/3dff5e21.jpg,In what country were the towels manufactured?,Turkey,1
41I0F49A1HL,3d/3dff5e21.jpg,What is the weight of the towels in grams?,550,0
41I0F49A1HL,3d/3dff5e21.jpg,What type of border do the towels have?,Dobby,0
91WX-mn8mDL,b3/b3ab5b5e.jpg,What width is the buffet?,Fifty-five,1
91WX-mn8mDL,b3/b3ab5b5e.jpg,What material is the veneer?,Oak,3
91WX-mn8mDL,b3/b3ab5b5e.jpg,How many years is the warranty?,Three,0
91WX-mn8mDL,b3/b3ab5b5e.jpg,What kind of cloth should be used for cleaning?,Soft,0
91WX-mn8mDL,b3/b3ab5b5e.jpg,What is the buffet's height?,Thirty-six,0
71jOLqDMw5L,95/956c1db1.jpg,What shape is the base of the monitor stand?,Square,1
71jOLqDMw5L,95/956c1db1.jpg,What does the screen protect against besides scratches?,Dust,1
71jOLqDMw5L,95/956c1db1.jpg,What unit is used to measure the monitor screen?,Inches,1
71jOLqDMw5L,95/956c1db1.jpg,How many degrees is the viewing angle restricted to?,Sixty,0
71jOLqDMw5L,95/956c1db1.jpg,What brand provides the one-year warranty?,AmazonBasics,0
81QqTR2BWfL,41/41e588b7.jpg,What shape is the artwork?,Rectangle,0
81QqTR2BWfL,41/41e588b7.jpg,What color is the top portion of the artwork?,Aquamarine,1
81QqTR2BWfL,41/41e588b7.jpg,What material is around the artwork?,Metal,1
81QqTR2BWfL,41/41e588b7.jpg,What is located at the bottom of the artwork?,Sand,1
81QqTR2BWfL,41/41e588b7.jpg,What color is the water in the artwork?,Azure,0
7196qkHGvUL,4a/4a9b202f.jpg,What color is the pump's motor housing?,Black,1
7196qkHGvUL,4a/4a9b202f.jpg,What is the brand's initial?,W,0
7196qkHGvUL,4a/4a9b202f.jpg,What material is likely used for pump construction?,Plastic,0
7196qkHGvUL,4a/4a9b202f.jpg,What is connected by the thin copper tube?,Connector,0
7196qkHGvUL,4a/4a9b202f.jpg,What type of surface is the pump sitting on?,White,0
816COidPg2L,e9/e9df6224.jpg,What material is the rack likely made of?,Metal,0
816COidPg2L,e9/e9df6224.jpg,What shape is the bottom tray?,Rectangular,0
816COidPg2L,e9/e9df6224.jpg,What color is the bottom tray?,White,0
816COidPg2L,e9/e9df6224.jpg,What is the purpose of this item?,Drying,1
816COidPg2L,e9/e9df6224.jpg,How many rows of plate holders are visible?,Two,1
812GmqDs-OL,25/2570ae86.jpg,How is the design expressed?,Personality,0
812GmqDs-OL,25/2570ae86.jpg,What phone brand is the cover designed for?,Samsung,2
812GmqDs-OL,25/2570ae86.jpg,What type of case is it?,Hard,0
812GmqDs-OL,25/2570ae86.jpg,What model phone is this cover for?,A8,0
812GmqDs-OL,25/2570ae86.jpg,What color is the background of the design?,Black,1
91alMdj6UaL,84/84c8363d.jpg,What is the main color of the folder?,Brown,2
91alMdj6UaL,84/84c8363d.jpg,What is the material of the folder?,Paper,0
91alMdj6UaL,84/84c8363d.jpg,What is visible inside the folder?,Divider,0
91alMdj6UaL,84/84c8363d.jpg,What tool is the image showing?,Organizer,0
91alMdj6UaL,84/84c8363d.jpg,How many compartments are suggested by the visible dividers?,Five,5
61e4ooU0efL,13/13fe28f3.jpg,What color are the dominant flowers?,Blue,2
61e4ooU0efL,13/13fe28f3.jpg,What is the background color?,Beige,1
61e4ooU0efL,13/13fe28f3.jpg,What shape is each flower?,Daisy,3
61e4ooU0efL,13/13fe28f3.jpg,"What other color is present besides blue, beige, and green?",Burgundy,0
61e4ooU0efL,13/13fe28f3.jpg,What type of item is shown?,Rug,3
61CrymI4DDL,72/72283408.jpg,What kind of phone is this case for?,Realme,0
61CrymI4DDL,72/72283408.jpg,What adjective describes the case's back?,Flexible,0
61CrymI4DDL,72/72283408.jpg,What does the raised lip protect?,Screen,0
61CrymI4DDL,72/72283408.jpg,From what does this case protect against?,Scratches,1
61CrymI4DDL,72/72283408.jpg,What is not included with the case?,Warranty,0
41H0NVVBQAL,1d/1d926bbf.jpg,What material is the frame made of?,Aluminum,0
41H0NVVBQAL,1d/1d926bbf.jpg,What type of motion does the chair offer besides swiveling?,Rocking,0
41H0NVVBQAL,1d/1d926bbf.jpg,What is the seat fabric's material?,Texilene,0
41H0NVVBQAL,1d/1d926bbf.jpg,What is the chair's height in inches?,Forty-four,0
41H0NVVBQAL,1d/1d926bbf.jpg,What weight capacity is specified in pounds?,Two-hundred-fifty,1
71ZaxAzCy0L,b1/b1a86106.jpg,What material is the upper part made of?,Leather,0
71ZaxAzCy0L,b1/b1a86106.jpg,What describes the sneaker's style?,Metallic,0
71ZaxAzCy0L,b1/b1a86106.jpg,What pattern is featured on the leather?,Crackle,0
71ZaxAzCy0L,b1/b1a86106.jpg,What is the tongue's characteristic?,Contrast,0
71ZaxAzCy0L,b1/b1a86106.jpg,What embellishment is NOT mentioned?,Heart,0
71zVHaeunPL,72/7244391e.jpg,What is the texture of the case?,Hard,1
71zVHaeunPL,72/7244391e.jpg,What color is predominantly displayed?,Blue,0
71zVHaeunPL,72/7244391e.jpg,For which phone model is this cover designed?,InFocus,0
71zVHaeunPL,72/7244391e.jpg,What is the product's design like?,Stylish,1
71zVHaeunPL,72/7244391e.jpg,What kind of ports does the cover provide access to?,Charging,1
71Z-IPUmHNL,d8/d8e3361c.jpg,What material is the back case?,Hard,0
71Z-IPUmHNL,d8/d8e3361c.jpg,For what phone model is the cover?,Zenfone,2
71Z-IPUmHNL,d8/d8e3361c.jpg,What shape is held by the teddy bear?,Heart,0
71Z-IPUmHNL,d8/d8e3361c.jpg,What color is the background of the cover?,Pink,0
71Z-IPUmHNL,d8/d8e3361c.jpg,What kind of design is printed?,Stylish,3
71XAwNy5y0L,c0/c0a92b9a.jpg,What color is the phone case?,Pink,1
71XAwNy5y0L,c0/c0a92b9a.jpg,What brand of phone is this case for?,Gionee,0
71XAwNy5y0L,c0/c0a92b9a.jpg,What type of material is this case made of?,Hard,0
71XAwNy5y0L,c0/c0a92b9a.jpg,What kind of buttons have perfect cutouts?,Volume,2
71XAwNy5y0L,c0/c0a92b9a.jpg,What design is printed on the case?,Car,1
616qXYkOAuL,f7/f74d0954.jpg,What is the primary material used in construction?,Zinc,1
616qXYkOAuL,f7/f74d0954.jpg,What is the device's function?,Stopper,1
616qXYkOAuL,f7/f74d0954.jpg,What is the base made of?,Rubber,0
616qXYkOAuL,f7/f74d0954.jpg,What is the color of the pictured item?,Brass,1
616qXYkOAuL,f7/f74d0954.jpg,How many mounting hardware are included?,Three,0
61fDPuboMWL,f6/f66ebb0e.jpg,What kind of cheese is in the package?,Swiss,0
61fDPuboMWL,f6/f66ebb0e.jpg,How many slices are in the package?,Twelve,0
61fDPuboMWL,f6/f66ebb0e.jpg,What is the net weight listed on the package?,Ounces,0
61fDPuboMWL,f6/f66ebb0e.jpg,What market sells this product?,Foods,1
61fDPuboMWL,f6/f66ebb0e.jpg,What is the bag stated to be?,Resealable,1
61D7O9zwzZL,94/94719fda.jpg,What is the strength of each lansoprazole capsule?,Fifteen,0
61D7O9zwzZL,94/94719fda.jpg,How many days may it take for full effect?,Four,0
61D7O9zwzZL,94/94719fda.jpg,What quantity of capsules are in the package?,Forty-two,1
61D7O9zwzZL,94/94719fda.jpg,What is the brand name?,Basic,0
61D7O9zwzZL,94/94719fda.jpg,What condition does it treat?,Heartburn,1
71a24Wvc8+L,7a/7ac362ad.jpg,What kind of case is it?,Hard,0
71a24Wvc8+L,7a/7ac362ad.jpg,What year is the LG K10 for which this case is made?,2017,5
71a24Wvc8+L,7a/7ac362ad.jpg,What part of the phone is the case designed to cover?,Back,1
71a24Wvc8+L,7a/7ac362ad.jpg,What is a port mentioned in the description?,Charging,0
71a24Wvc8+L,7a/7ac362ad.jpg,What characteristic can the design express?,Personality,0
61Bj5tY+KDL,41/41e08cd0.jpg,What is the device shown?,Laptop,0
61Bj5tY+KDL,41/41e08cd0.jpg,What color is the laptop's keyboard?,Silver,0
61Bj5tY+KDL,41/41e08cd0.jpg,What kind of filter is on the screen?,Privacy,1
61Bj5tY+KDL,41/41e08cd0.jpg,What setting is on the computer's screen?,Beach,1
61Bj5tY+KDL,41/41e08cd0.jpg,What shape is the screen predominantly?,Rectangular,0
71q5fcCVmrL,71/716ee4c2.jpg,What is the scent of the air freshener?,Floral,0
71q5fcCVmrL,71/716ee4c2.jpg,How many refills are included?,Three,0
71q5fcCVmrL,71/716ee4c2.jpg,What color is the product packaging?,Pink,1
71q5fcCVmrL,71/716ee4c2.jpg,What brand is the air freshener?,Presto,0
71q5fcCVmrL,71/716ee4c2.jpg,What does the product claim to neutralize?,Smells,1
81u+RtfOJPL,f1/f13b0e9d.jpg,What brand of phone is the case for?,Panasonic,0
81u+RtfOJPL,f1/f13b0e9d.jpg,What design is printed on the case?,Graffiti,0
81u+RtfOJPL,f1/f13b0e9d.jpg,What characteristic of the design allows screen and camera to avoid flat surfaces?,Bezel,1
81u+RtfOJPL,f1/f13b0e9d.jpg,What word describes the case's fit?,Snug,5
81u+RtfOJPL,f1/f13b0e9d.jpg,What quality does the design appearance express?,Personality,0
71z8NAmcXUL,9c/9cccef6e.jpg,What type of shoe is pictured?,Avarca,0
71z8NAmcXUL,9c/9cccef6e.jpg,What is the shoe's color?,White,1
71z8NAmcXUL,9c/9cccef6e.jpg,What part connects the front to the back?,Strap,2
71z8NAmcXUL,9c/9cccef6e.jpg,What is the texture of the sole?,Ridged,0
71z8NAmcXUL,9c/9cccef6e.jpg,What material might the upper part be made of?,Leather,2
81+8lelDioL,b3/b35e754d.jpg,What style is the shoe's toe?,Round,0
81+8lelDioL,b3/b35e754d.jpg,What kind of shoe is this?,Sneaker,0
81+8lelDioL,b3/b35e754d.jpg,What type of closure does the shoe have?,Slip-On,1
81+8lelDioL,b3/b35e754d.jpg,What material is used for the outer part of the shoe?,Textile,1
81+8lelDioL,b3/b35e754d.jpg,How many days does the manufacturer warranty last?,Ninety,0
71cdRPxM+iL,2a/2a1ff726.jpg,What product is pictured?,Solmo,0
71cdRPxM+iL,2a/2a1ff726.jpg,What color are the bottle caps?,Black,0
71cdRPxM+iL,2a/2a1ff726.jpg,What adjective describes the shower gel?,Energising,3
71cdRPxM+iL,2a/2a1ff726.jpg,What volume is each bottle?,400,0
71cdRPxM+iL,2a/2a1ff726.jpg,How many bottles are visible?,Seven,0
61KmREF5cpL,f1/f1b73c5c.jpg,What material is the product made of?,Steel,0
61KmREF5cpL,f1/f1b73c5c.jpg,How deep are the containers?,Inches,1
61KmREF5cpL,f1/f1b73c5c.jpg,What shape are these containers?,Rectangular,1
61KmREF5cpL,f1/f1b73c5c.jpg,How many containers are shown?,Two,0
61KmREF5cpL,f1/f1b73c5c.jpg,What style of event are these ideal for?,Buffet,0
41jj-fPYt5L,ab/ab3c6755.jpg,What is the bracelet's apparent material?,Zirconia,0
41jj-fPYt5L,ab/ab3c6755.jpg,What is the overall shape of the bracelet?,Circular,0
41jj-fPYt5L,ab/ab3c6755.jpg,What is the perceived color of the bracelet?,Silver,1
41jj-fPYt5L,ab/ab3c6755.jpg,What common abbreviation is used for the material?,CZ,0
41jj-fPYt5L,ab/ab3c6755.jpg,What is the item pictured?,Bracelet,1
51a-inM4arL,3d/3d75015e.jpg,What shape is the main gemstone?,Circular,1
51a-inM4arL,3d/3d75015e.jpg,What is the apparent color of the central stone?,Aquamarine,1
51a-inM4arL,3d/3d75015e.jpg,What is the setting metal's hue?,Silver,0
51a-inM4arL,3d/3d75015e.jpg,How many earrings are visible?,Two,0
51a-inM4arL,3d/3d75015e.jpg,What is the halo around the central stone made of?,Diamonds,0
61+oKe8FOKL,97/970d08b0.jpg,What material is the binder made of?,Polypropylene,0
61+oKe8FOKL,97/970d08b0.jpg,What is the binder's color?,Black,0
61+oKe8FOKL,97/970d08b0.jpg,How many rings does the binder have?,Three,0
61+oKe8FOKL,97/970d08b0.jpg,What shape are the rings?,Round,1
61+oKe8FOKL,97/970d08b0.jpg,What is the warranty length for the binder?,Year,1
81137fBnLzL,c2/c2fcd90b.jpg,What device is the case for?,Vivo,0
81137fBnLzL,c2/c2fcd90b.jpg,What material is the case made of?,Hard,0
81137fBnLzL,c2/c2fcd90b.jpg,What design style is on the case?,Stylish,3
81137fBnLzL,c2/c2fcd90b.jpg,What port is easily accessible?,Charging,0
81137fBnLzL,c2/c2fcd90b.jpg,What feature protects the camera?,Bezel,0
71ONyIenhPL,ca/ca1d3647.jpg,What type of trim adorns the armrests?,Nailhead,0
71ONyIenhPL,ca/ca1d3647.jpg,How many minutes are needed for assembly?,Fifteen,0
71ONyIenhPL,ca/ca1d3647.jpg,What is the upholstery color?,Gray,2
71ONyIenhPL,ca/ca1d3647.jpg,What material composes the frame?,Plywood,0
71ONyIenhPL,ca/ca1d3647.jpg,What is the warranty period?,Three,0
71YJxLu1HZL,52/522c8163.jpg,What is the weight of the bread in ounces?,Eight,0
71YJxLu1HZL,52/522c8163.jpg,What type of roll is it?,Garlic,1
71YJxLu1HZL,52/522c8163.jpg,What characteristic describes the bread?,Artisan,0
71YJxLu1HZL,52/522c8163.jpg,Is the bread genetically modified?,Non-GMO,3
71YJxLu1HZL,52/522c8163.jpg,What action can be done with the roll?,Apart,0
613aa5wlutL,ea/eabbc446.jpg,What color are the curtains?,White,0
613aa5wlutL,ea/eabbc446.jpg,What material is typically used for the curtain rod?,Metal,0
613aa5wlutL,ea/eabbc446.jpg,How many curtain panels are pictured?,Two,0
613aa5wlutL,ea/eabbc446.jpg,What shape is created by the folds in the curtains?,Vertical,1
613aa5wlutL,ea/eabbc446.jpg,What is the general texture of the depicted curtains?,Smooth,0
710-8VWG4nL,bc/bc59e6e4.jpg,What color is the footwear?,Brown,0
710-8VWG4nL,bc/bc59e6e4.jpg,What is used to fasten the boot?,Laces,0
710-8VWG4nL,bc/bc59e6e4.jpg,What style is this type of boot?,Wingtip,0
710-8VWG4nL,bc/bc59e6e4.jpg,What type of product is pictured?,Footwear,1
710-8VWG4nL,bc/bc59e6e4.jpg,What material are the laces?,Textile,1
71HYEEmV0GL,48/486a4efe.jpg,What material is the back cover made of?,Hard,0
71HYEEmV0GL,48/486a4efe.jpg,What is the brand of the phone case?,Vivo,0
71HYEEmV0GL,48/486a4efe.jpg,What is the phone model the case is designed for?,V5,0
71HYEEmV0GL,48/486a4efe.jpg,How many colors of lights are visible?,Two,1
71HYEEmV0GL,48/486a4efe.jpg,What is the style of the phone case?,Stylish,0
71qXfO6rJIL,4c/4cf58b22.jpg,What material are the tassels made from?,Leather,1
71qXfO6rJIL,4c/4cf58b22.jpg,What type of textured pattern does the sandal have?,Crocodile,1
71qXfO6rJIL,4c/4cf58b22.jpg,What is the style of this footwear?,Slide,0
71qXfO6rJIL,4c/4cf58b22.jpg,How many tassels are present?,Multiple,1
71qXfO6rJIL,4c/4cf58b22.jpg,What color is the slide sandal?,Black,5
61RwEw+BlJL,dd/dd00f042.jpg,What is the height of each pocket?,10.5,0
61RwEw+BlJL,dd/dd00f042.jpg,How many metal hooks are included?,3,0
61RwEw+BlJL,dd/dd00f042.jpg,What material are the pockets made of?,Mesh,0
61RwEw+BlJL,dd/dd00f042.jpg,What is the color of the organizer?,White,0
61RwEw+BlJL,dd/dd00f042.jpg,How many pairs of sandals can the organizer hold?,24,1
71l1agmG6ZL,63/6324cdf1.jpg,What material is the case made of?,Hard,0
71l1agmG6ZL,63/6324cdf1.jpg,How many gerbera flowers are in the vase?,Two,0
71l1agmG6ZL,63/6324cdf1.jpg,What color is one of the flowers?,Yellow,0
71l1agmG6ZL,63/6324cdf1.jpg,What type of mobile is the case for?,LG,1
71l1agmG6ZL,63/6324cdf1.jpg,What year is specified for the model?,2017,3
81dfXp9sPZL,cc/cc5a0579.jpg,What type of layout does the keyboard have?,QWERTY,1
81dfXp9sPZL,cc/cc5a0579.jpg,What kind of design does the keyboard have?,Slim,1
81dfXp9sPZL,cc/cc5a0579.jpg,What number of fingers can be used to scroll?,Two,1
81dfXp9sPZL,cc/cc5a0579.jpg,What material is the USB receiver made from?,Plastic,0
81dfXp9sPZL,cc/cc5a0579.jpg,What is the wireless range in meters?,Ten,1
71vaylgA-aL,67/67714dc0.jpg,What material is the case?,Hard,3
71vaylgA-aL,67/67714dc0.jpg,For what phone is the case designed?,iPhone,0
71vaylgA-aL,67/67714dc0.jpg,How many generations of iPhones does it fit?,Two,1
71vaylgA-aL,67/67714dc0.jpg,Where are the cutouts located?,Buttons,0
71vaylgA-aL,67/67714dc0.jpg,What covers the back of the device?,Cover,0
71dWnkH3QrL,78/78443eec.jpg,What is the heel's primary material?,Cork,0
71dWnkH3QrL,78/78443eec.jpg,What is the shoe's toe style?,Peep,0
71dWnkH3QrL,78/78443eec.jpg,What is the main color of the shoe?,Blue,0
71dWnkH3QrL,78/78443eec.jpg,What secures the ankle?,Strap,1
71dWnkH3QrL,78/78443eec.jpg,What shape is the buckle?,Round,1
91egMGNc6GL,29/294650fc.jpg,What size is the net weight in ounces?,Fourteen,0
91egMGNc6GL,29/294650fc.jpg,What flavor is the scone mix?,Cheddar,0
91egMGNc6GL,29/294650fc.jpg,What word describes the product version?,Limited,0
91egMGNc6GL,29/294650fc.jpg,What company's logo is at the top of the image?,365,0
91egMGNc6GL,29/294650fc.jpg,Where is the product made?,USA,0
71J2axnFEbL,19/1965ed91.jpg,What phone model is this case designed for?,Honor,0
71J2axnFEbL,19/1965ed91.jpg,What shape are the designs on the back?,Flowers,1
71J2axnFEbL,19/1965ed91.jpg,What color is the background?,Black,1
71J2axnFEbL,19/1965ed91.jpg,What material are the volume buttons made accessible through the case?,Cutouts,1
71J2axnFEbL,19/1965ed91.jpg,What feature is raised to protect the screen?,Bezel,1
61JiliSOIIL,0c/0cbfca58.jpg,What color is the window frame?,White,3
61JiliSOIIL,0c/0cbfca58.jpg,What is covering the window?,Shade,1
61JiliSOIIL,0c/0cbfca58.jpg,What material is the window frame?,Plastic,0
61JiliSOIIL,0c/0cbfca58.jpg,What direction is the window handle facing?,Upward,1
61JiliSOIIL,0c/0cbfca58.jpg,What shape is the overall structure?,Rectangular,2
718armI+rDL,25/25473e2f.jpg,What material is the phone case made of?,Unstated,0
718armI+rDL,25/25473e2f.jpg,Which brand of phone is the case designed for?,Realme,0
718armI+rDL,25/25473e2f.jpg,What part of the phone does the bezel lift?,Screen,0
718armI+rDL,25/25473e2f.jpg,How many phone models are compatible?,Two,0
718armI+rDL,25/25473e2f.jpg,What design is on the phone case?,Feather,0
71DOU0uh64L,b0/b007412e.jpg,What brand is the cover designed for?,Huawei,0
71DOU0uh64L,b0/b007412e.jpg,What material is the cover?,Hard,0
71DOU0uh64L,b0/b007412e.jpg,What part of the phone does the cover protect?,Back,0
71DOU0uh64L,b0/b007412e.jpg,What kind of print is on the case?,Abstract,0
71DOU0uh64L,b0/b007412e.jpg,How many cameras are visible on the phone case?,Two,1
61ZpOn3vM9L,9c/9c4e4826.jpg,What shape is the cat scratcher?,Oval,0
61ZpOn3vM9L,9c/9c4e4826.jpg,What is the material of the cat scratcher?,Cardboard,0
61ZpOn3vM9L,9c/9c4e4826.jpg,What is the weight of the scratcher?,Kilograms,0
61ZpOn3vM9L,9c/9c4e4826.jpg,What activity does the scratcher promote?,Sharpening,0
61ZpOn3vM9L,9c/9c4e4826.jpg,What is the scratcher's height in centimeters?,31.5,0
71BHo07kglL,09/09399928.jpg,What brand of phone is the case designed for?,Lenovo,1
71BHo07kglL,09/09399928.jpg,What material is the case described as?,Hard,5
71BHo07kglL,09/09399928.jpg,What word is used to describe putting the case on?,Easy,1
71BHo07kglL,09/09399928.jpg,What design style is mentioned?,Stylish,1
71BHo07kglL,09/09399928.jpg,What feature lifts the screen and camera?,Bezel,1
61bYjvggt-L,7e/7efc5692.jpg,What brand of phone is the case compatible with?,Samsung,1
61bYjvggt-L,7e/7efc5692.jpg,What sentiment is prominently displayed on the phone case?,Love,1
61bYjvggt-L,7e/7efc5692.jpg,What component does the case have a raised bezel for?,Camera,0
61bYjvggt-L,7e/7efc5692.jpg,What type of ports have cut-outs on the case?,Charging,1
61bYjvggt-L,7e/7efc5692.jpg,How many camera lenses are visible on the phone?,Three,0
81PZ0NULEmL,b3/b3a47973.jpg,What quantity of lozenges is in the bottle?,Sixty,1
81PZ0NULEmL,b3/b3a47973.jpg,What is the main ingredient in the lozenges?,Melatonin,0
81PZ0NULEmL,b3/b3a47973.jpg,What form does this medication take?,Lozenges,0
81PZ0NULEmL,b3/b3a47973.jpg,What is the flavor described on the label?,Peppermint,1
81PZ0NULEmL,b3/b3a47973.jpg,What type of supplement are these?,Dietary,0
61eMtZguC2L,e0/e055cfd3.jpg,What smartphone brand is this case designed for?,Samsung,0
61eMtZguC2L,e0/e055cfd3.jpg,What is the depicted design characterized as?,Stylish,1
61eMtZguC2L,e0/e055cfd3.jpg,What material is this back cover composed of?,Hard,1
61eMtZguC2L,e0/e055cfd3.jpg,For what Galaxy phone model is this case intended?,J4,0
61eMtZguC2L,e0/e055cfd3.jpg,What feature is raised to protect the screen?,Bezel,0
811SLRp44yL,7c/7c7b0ac2.jpg,What device is the snug fit designed for?,Samsung,0
811SLRp44yL,7c/7c7b0ac2.jpg,What type of buttons have perfect cut-outs?,Volume,1
811SLRp44yL,7c/7c7b0ac2.jpg,What is expressed with the stylish design?,Personality,1
811SLRp44yL,7c/7c7b0ac2.jpg,What feature is raised to lift the screen?,Bezel,1
811SLRp44yL,7c/7c7b0ac2.jpg,How many ports have cutouts?,Three,0
41hZ-GdgdfL,c8/c8e79900.jpg,What ingredient is emphasized on the box?,Sesame,0
41hZ-GdgdfL,c8/c8e79900.jpg,What kind of crackers are in the box?,Water,1
41hZ-GdgdfL,c8/c8e79900.jpg,What number is part of the brand name?,365,0
41hZ-GdgdfL,c8/c8e79900.jpg,What is the net weight in ounces?,4.4,3
41hZ-GdgdfL,c8/c8e79900.jpg,What quality does the box boast?,Highest,0
81eyDYS2sSL,a3/a31a0672.jpg,What color is the primary fabric?,Black,0
81eyDYS2sSL,a3/a31a0672.jpg,What holds the shoe together?,Laces,0
81eyDYS2sSL,a3/a31a0672.jpg,What type of product is this?,Sneakers,1
81eyDYS2sSL,a3/a31a0672.jpg,For how many days is the product warrantied?,Zero,0
81eyDYS2sSL,a3/a31a0672.jpg,Against what is the warranty?,Manufacturing,0
71i+QFx5uBL,8e/8e1d7d7e.jpg,What facial expression is depicted?,Smiling,1
71i+QFx5uBL,8e/8e1d7d7e.jpg,What type of port is mentioned?,Charging,1
71i+QFx5uBL,8e/8e1d7d7e.jpg,What is the main color of the case?,Blue,0
71i+QFx5uBL,8e/8e1d7d7e.jpg,What is the screen's relative position?,Raised,0
71i+QFx5uBL,8e/8e1d7d7e.jpg,Which phone brand is it for?,Tenor,1
919KOxRQxML,d2/d2dbaed5.jpg,What is the style of the print?,Boho,0
919KOxRQxML,d2/d2dbaed5.jpg,What is the background color?,White,0
919KOxRQxML,d2/d2dbaed5.jpg,What is the frame's material?,Plastic,0
919KOxRQxML,d2/d2dbaed5.jpg,What is the shape within the design?,Circle,1
919KOxRQxML,d2/d2dbaed5.jpg,What is the total size in inches?,Twenty-two,0
710i81Pb9tL,09/093e1283.jpg,What fabric is commonly used for bedding?,Cotton,1
710i81Pb9tL,09/093e1283.jpg,What is the shape of the stitches?,Diamond,0
710i81Pb9tL,09/093e1283.jpg,What is the general purpose of the depicted object?,Warmth,0
710i81Pb9tL,09/093e1283.jpg,What is the color of the exposed lining?,Lavender,0
710i81Pb9tL,09/093e1283.jpg,Where might you typically find this item?,Bedroom,0
81PCTApIBaL,02/0205f5df.jpg,What brand of phone is this case for?,Sony,0
81PCTApIBaL,02/0205f5df.jpg,What is the case's texture?,Hard,3
81PCTApIBaL,02/0205f5df.jpg,What generation is the Xperia?,Z2,1
81PCTApIBaL,02/0205f5df.jpg,How are the buttons accessed?,Cutouts,0
81PCTApIBaL,02/0205f5df.jpg,What feature protects the screen?,Bezel,0
51w3HnKC+rL,ca/ca9c9a00.jpg,What type of detergent is shown?,Dishwashing,1
51w3HnKC+rL,ca/ca9c9a00.jpg,What aroma is the detergent?,Pine,1
51w3HnKC+rL,ca/ca9c9a00.jpg,"What word is written above ""detergent""?",Dishwashing,1
51w3HnKC+rL,ca/ca9c9a00.jpg,What is the color of the label on the bottle?,White,5
51w3HnKC+rL,ca/ca9c9a00.jpg,What is the ratio of detergent to water?,One,1
71UOZWsdX9L,67/678321b9.jpg,How many brushes are displayed?,Six,1
71UOZWsdX9L,67/678321b9.jpg,What is the color of the brushes?,Black,1
71UOZWsdX9L,67/678321b9.jpg,What type of bristles are on the brush?,Plastic,0
71UOZWsdX9L,67/678321b9.jpg,What is a potential use for this brush?,Cleaning,0
71UOZWsdX9L,67/678321b9.jpg,What is the orientation of the handles?,Angled,1
71xO1pGVAoL,a2/a241b082.jpg,What material is the back case made of?,Hard,2
71xO1pGVAoL,a2/a241b082.jpg,For which phone is this cover made?,Zenfone,0
71xO1pGVAoL,a2/a241b082.jpg,What adjective describes the design?,Stylish,3
71xO1pGVAoL,a2/a241b082.jpg,What color is the peacock's neck?,Blue,0
71xO1pGVAoL,a2/a241b082.jpg,What are the cutouts for?,Buttons,0
81N+SmGfn6L,09/099e621b.jpg,What object is depicted on the phone case?,Tree,1
81N+SmGfn6L,09/099e621b.jpg,Which brand is the phone case designed for?,Samsung,3
81N+SmGfn6L,09/099e621b.jpg,What adjective describes the case's back?,Hard,1
81N+SmGfn6L,09/099e621b.jpg,How many cutouts are mentioned?,Three,0
81N+SmGfn6L,09/099e621b.jpg,What is the style of the case's design?,Stylish,0
919Z00SkRwL,20/208c88ee.jpg,What shape is the mirror?,Square,0
919Z00SkRwL,20/208c88ee.jpg,What is the finish of the metal strips?,Gold,0
919Z00SkRwL,20/208c88ee.jpg,What material is the mirror made of?,Glass,0
919Z00SkRwL,20/208c88ee.jpg,What should be avoided when cleaning?,Moisture,0
919Z00SkRwL,20/208c88ee.jpg,How many inches wide is the mirror?,Twenty,0
81sFvxfaQtL,c1/c14e2cca.jpg,What type of closure does the footwear use?,Buckle,0
81sFvxfaQtL,c1/c14e2cca.jpg,What is the sandal's main material?,Synthetic,2
81sFvxfaQtL,c1/c14e2cca.jpg,How many days is the product warranty?,Zero,0
81sFvxfaQtL,c1/c14e2cca.jpg,What is the recommended way to wear these shoes without causing damage?,Shoe-horn,0
81sFvxfaQtL,c1/c14e2cca.jpg,What is the general lifestyle for these sandals?,Casual,0
81IxymwbMJL,fb/fba693e8.jpg,What is the primary material?,Hard,1
81IxymwbMJL,fb/fba693e8.jpg,What device is this a cover for?,Vivo,0
81IxymwbMJL,fb/fba693e8.jpg,What is the item's primary purpose?,Protection,1
81IxymwbMJL,fb/fba693e8.jpg,What physical feature is raised?,Bezel,1
81IxymwbMJL,fb/fba693e8.jpg,What is the design?,Wheel,0
71+apdUS4sL,c0/c0f87d7a.jpg,What is the heel's style?,Stiletto,1
71+apdUS4sL,c0/c0f87d7a.jpg,What is the shoe's toe shape?,Pointed,1
71+apdUS4sL,c0/c0f87d7a.jpg,What is the topline?,Shaped,2
71+apdUS4sL,c0/c0f87d7a.jpg,What is the shoe's closure?,Closed,0
71+apdUS4sL,c0/c0f87d7a.jpg,What is the shoe's color?,Blue,3
51ET1miOenL,60/60def30d.jpg,What phone is the case compatible with?,Poco,1
51ET1miOenL,60/60def30d.jpg,What is the background color?,Black,0
51ET1miOenL,60/60def30d.jpg,What word describes the fit?,Snug,1
51ET1miOenL,60/60def30d.jpg,What shape is the heart?,Valentine,1
51ET1miOenL,60/60def30d.jpg,How many people are in the silhouette?,Two,1
51sTvRclqUL,e5/e5fa644a.jpg,What is the primary color in the rainbow pattern?,Yellow,0
51sTvRclqUL,e5/e5fa644a.jpg,What type of plant is behind the sofa?,Fiddleleaf,1
51sTvRclqUL,e5/e5fa644a.jpg,How many pictures are hanging on the wall?,Two,0
51sTvRclqUL,e5/e5fa644a.jpg,What is supporting the lamp?,Tripod,0
51sTvRclqUL,e5/e5fa644a.jpg,What shape is the smaller table's top?,Square,1
71jvxFrGV+L,e5/e582c142.jpg,What is the seat height of this stool?,Twenty-nine,1
71jvxFrGV+L,e5/e582c142.jpg,How many days are free returns offered?,Thirty,0
71jvxFrGV+L,e5/e582c142.jpg,What is the stool's depth?,Nine-point-five,0
71jvxFrGV+L,e5/e582c142.jpg,What material is the stool constructed from?,Hardwoods,1
71jvxFrGV+L,e5/e582c142.jpg,What style is the stool ideal for?,Farmhouse,0
71I4OQnIj5L,ec/ec86f2c3.jpg,What fruit-bearing plant is depicted on the case?,Palm,0
71I4OQnIj5L,ec/ec86f2c3.jpg,What color is the case?,Orange,1
71I4OQnIj5L,ec/ec86f2c3.jpg,What is the device the case is for?,iPhone,0
71I4OQnIj5L,ec/ec86f2c3.jpg,How many trees are depicted?,Two,1
71I4OQnIj5L,ec/ec86f2c3.jpg,What part of the phone is protected by the bezel?,Camera,1
71Xn4geRl7L,02/022856e6.jpg,What shape are the center stones?,Oval,1
71Xn4geRl7L,02/022856e6.jpg,What number is visible on the ring shank?,925,0
71Xn4geRl7L,02/022856e6.jpg,What is the ring's overall color?,Silver,0
71Xn4geRl7L,02/022856e6.jpg,What type of jewelry is pictured?,Ring,1
71Xn4geRl7L,02/022856e6.jpg,What adjective describes the stones?,Sparkling,0
A10gohR1U9L,a2/a2b42673.jpg,What material is shown?,Leather,1
A10gohR1U9L,a2/a2b42673.jpg,What country is the origin?,China,0
A10gohR1U9L,a2/a2b42673.jpg,What is the described color?,Brown,1
A10gohR1U9L,a2/a2b42673.jpg,Is assembly necessary?,,0
A10gohR1U9L,a2/a2b42673.jpg,What is the texture's appearance?,Grainy,1
717HU4yTJDL,dc/dc23ab80.jpg,What is the net weight of the trail mix in ounces?,Sixteen,0
717HU4yTJDL,dc/dc23ab80.jpg,What kind of ship is pictured on the packaging?,Sailboat,0
717HU4yTJDL,dc/dc23ab80.jpg,What brand is the trail mix?,365,1
717HU4yTJDL,dc/dc23ab80.jpg,What word describes the type of hunt advertised?,Treasure,1
717HU4yTJDL,dc/dc23ab80.jpg,What food category is this product?,Trailmix,0
71n6Lwqp+HL,50/50313c83.jpg,What material is the outer part made of?,COTTON,0
71n6Lwqp+HL,50/50313c83.jpg,What closure type is used?,Slip,0
71n6Lwqp+HL,50/50313c83.jpg,What heel type does the shoe have?,Flats,1
71n6Lwqp+HL,50/50313c83.jpg,What is the toe style?,Round,1
71n6Lwqp+HL,50/50313c83.jpg,How many days is the warranty?,Ninety,0
71bKjkq86DL,fc/fcd46caa.jpg,What bed sizes does the sheet fit?,King,1
71bKjkq86DL,fc/fcd46caa.jpg,What is the thread count?,Threehundred,0
71bKjkq86DL,fc/fcd46caa.jpg,What characteristic defines this sheet's softness?,Peach,0
71bKjkq86DL,fc/fcd46caa.jpg,What kind of fabric is it?,Percale,0
71bKjkq86DL,fc/fcd46caa.jpg,What is the recommended drying setting?,Low,0
616G-3PiqsL,7b/7b0a04c3.jpg,What brand is the mobile phone?,Motorola,0
616G-3PiqsL,7b/7b0a04c3.jpg,What is the overall design appearance?,Stylish,2
616G-3PiqsL,7b/7b0a04c3.jpg,What button does it have cut-outs for?,Volume,0
616G-3PiqsL,7b/7b0a04c3.jpg,What letter appears on the case?,Q,1
616G-3PiqsL,7b/7b0a04c3.jpg,How is the design described?,Unique,1
81f+YbuNZAL,cc/cc392414.jpg,What color is the shoe's sole?,White,0
81f+YbuNZAL,cc/cc392414.jpg,What type of fastener is above the laces?,Strap,1
81f+YbuNZAL,cc/cc392414.jpg,What brand is on the shoe?,Skechers,1
81f+YbuNZAL,cc/cc392414.jpg,What color are the laces?,Aqua,1
81f+YbuNZAL,cc/cc392414.jpg,What pattern is on the side of the shoe?,Floral,0
71W+2JhDlYL,58/58cbe3fd.jpg,What material is the sole possibly made of?,Crepe,0
71W+2JhDlYL,58/58cbe3fd.jpg,What closure does the shoe appear to utilize?,Velcro,0
71W+2JhDlYL,58/58cbe3fd.jpg,What is the general design pattern of the shoe?,Brogue,0
71W+2JhDlYL,58/58cbe3fd.jpg,What adjective best describes the color of the shoe?,Black,0
71W+2JhDlYL,58/58cbe3fd.jpg,How many straps are visible on the shoe?,One,0
61XaSxbZ5gL,ed/edfcf062.jpg,What color are the tassels?,Orange,0
61XaSxbZ5gL,ed/edfcf062.jpg,What kind of heel does the sandal have?,Minimalist,0
61XaSxbZ5gL,ed/edfcf062.jpg,What is the style of this shoe?,Slide,0
61XaSxbZ5gL,ed/edfcf062.jpg,What material is the sandal made of?,Suede,0
61XaSxbZ5gL,ed/edfcf062.jpg,What does the description say is rendered in orange?,Tassels,0
51i6GXo4YsL,3e/3ee4cdb2.jpg,What is the typical material of these envelopes?,Paper,1
51i6GXo4YsL,3e/3ee4cdb2.jpg,What is the visible color of the envelopes?,Tan,0
51i6GXo4YsL,3e/3ee4cdb2.jpg,How many envelopes are shown?,Two,2
51i6GXo4YsL,3e/3ee4cdb2.jpg,Where is the adhesive strip located on the back envelope?,Top,2
51i6GXo4YsL,3e/3ee4cdb2.jpg,What is often transported in this kind of container?,Mail,0
71CPqGokEqL,e5/e5ab73b1.jpg,What is the advertised material of the case?,Hard,3
71CPqGokEqL,e5/e5ab73b1.jpg,What device is this case designed for?,Oppo,1
71CPqGokEqL,e5/e5ab73b1.jpg,How many dimensions does the case design appear to have?,Three,0
71CPqGokEqL,e5/e5ab73b1.jpg,What is a listed feature relating to buttons and ports?,Cutouts,0
71CPqGokEqL,e5/e5ab73b1.jpg,What covers the device's back?,Case,1
8172LR9gR7L,05/053cbd45.jpg,What material is the back case described as?,Hard,0
8172LR9gR7L,05/053cbd45.jpg,Which phone model is this case designed for?,Lenovo,2
8172LR9gR7L,05/053cbd45.jpg,What kind of design does the case have?,Stylish,0
8172LR9gR7L,05/053cbd45.jpg,How is access to buttons and ports described?,Easy,1
8172LR9gR7L,05/053cbd45.jpg,What feature lifts the screen and camera?,Bezel,0
71hAI-yzOLL,c3/c36894e7.jpg,What brand is on the gauge?,AmazonBasics,1
71hAI-yzOLL,c3/c36894e7.jpg,What kind of light does it have?,LED,0
71hAI-yzOLL,c3/c36894e7.jpg,What color is the gauge?,Red,1
71hAI-yzOLL,c3/c36894e7.jpg,How many LR44 batteries are included?,Three,0
71hAI-yzOLL,c3/c36894e7.jpg,What material is it made of?,ABS,0
61WhyTwtZRL,05/05aba4e1.jpg,What precious stone is featured?,Diamond,0
61WhyTwtZRL,05/05aba4e1.jpg,What color is the ring band?,Rosegold,1
61WhyTwtZRL,05/05aba4e1.jpg,What shape is the primary gemstone?,Round,0
61WhyTwtZRL,05/05aba4e1.jpg,What type of jewelry is shown?,Ring,1
61WhyTwtZRL,05/05aba4e1.jpg,How many prongs are holding the stone?,Six,0
510rVBlOk7L,2e/2e10dfa4.jpg,What material is the latch bolt made from?,Alloy,0
510rVBlOk7L,2e/2e10dfa4.jpg,What color is the handle?,Black,0
510rVBlOk7L,2e/2e10dfa4.jpg,What brand offers the warranty?,AmazonBasics,0
510rVBlOk7L,2e/2e10dfa4.jpg,What is the shape of the faceplate?,Rounded,1
510rVBlOk7L,2e/2e10dfa4.jpg,How many keys are included?,Two,0
71ubkZBvGuL,7e/7e5773cc.jpg,What is the targeted phone model?,V5,0
71ubkZBvGuL,7e/7e5773cc.jpg,What color is dominant?,Yellow,0
71ubkZBvGuL,7e/7e5773cc.jpg,What part does the raised bezel protect?,Camera,1
71ubkZBvGuL,7e/7e5773cc.jpg,What is the product's texture?,Hard,1
71ubkZBvGuL,7e/7e5773cc.jpg,What type of design does it have?,Stylish,3
41sCbzv4POL,63/63809419.jpg,What fabric is the pillowcase made of?,Silk,1
41sCbzv4POL,63/63809419.jpg,What is the pillowcase's general shape?,Rectangular,0
41sCbzv4POL,63/63809419.jpg,What is a common color associated with gold?,Yellow,0
41sCbzv4POL,63/63809419.jpg,What part of the bed does this pillowcase cover?,Pillow,1
41sCbzv4POL,63/63809419.jpg,What is the quantity of visible pillows?,One,0
61Pw7H1Yx5L,08/0865fa49.jpg,What is the phone model compatibility?,Reno,0
61Pw7H1Yx5L,08/0865fa49.jpg,What is the screen surface protection feature?,Lip,0
61Pw7H1Yx5L,08/0865fa49.jpg,What is the thickness of the case?,Millimeters,0
61Pw7H1Yx5L,08/0865fa49.jpg,What material provides the coating finish?,Rubber,1
61Pw7H1Yx5L,08/0865fa49.jpg,What is a potential cause of phone damage?,Sweat,1
815Z5miP+qL,27/27d93489.jpg,What pattern is visible on the bow tie?,Paisley,1
815Z5miP+qL,27/27d93489.jpg,What type of neckwear is pictured?,Bowtie,1
815Z5miP+qL,27/27d93489.jpg,What is the predominant color?,Gray,0
815Z5miP+qL,27/27d93489.jpg,What is the shape of the pictured item?,Butterfly,0
815Z5miP+qL,27/27d93489.jpg,How many distinct colors appear on the bow tie?,Two,1
71-yd5RKR9L,92/92907b91.jpg,What material is the back case made from?,Hard,1
71-yd5RKR9L,92/92907b91.jpg,Which brand of phone is the case designed for?,Sony,0
71-yd5RKR9L,92/92907b91.jpg,How many buttons are cut out?,Volume,0
71-yd5RKR9L,92/92907b91.jpg,What is the design style of the cover?,Stylish,0
71-yd5RKR9L,92/92907b91.jpg,What color is the background of the phone case?,Pink,1
81U8Dhu8auL,cc/cc052bd6.jpg,What color is the upholstery?,Flannel,0
81U8Dhu8auL,cc/cc052bd6.jpg,What is the material of the stool base?,Brass,2
81U8Dhu8auL,cc/cc052bd6.jpg,How many years is the warranty period?,One,0
81U8Dhu8auL,cc/cc052bd6.jpg,How many inches deep is the seat?,12.6,1
81U8Dhu8auL,cc/cc052bd6.jpg,What fills the cushions?,Feathers,0
81lBHn24c+L,c3/c312db9a.jpg,What brand is the phone case designed for?,Samsung,0
81lBHn24c+L,c3/c312db9a.jpg,What color is the green vegetation on the cliff?,Green,1
81lBHn24c+L,c3/c312db9a.jpg,How many camera holes are visible on the back of the phone case?,One,0
81lBHn24c+L,c3/c312db9a.jpg,What part of the phone does the raised bezel protect?,Camera,0
81lBHn24c+L,c3/c312db9a.jpg,What material is listed for the back case?,Hard,0
71lNFjPh33L,8a/8a4230aa.jpg,What brand is on the case?,Apple,0
71lNFjPh33L,8a/8a4230aa.jpg,What material is the phone case made from?,Hard,1
71lNFjPh33L,8a/8a4230aa.jpg,What is the design described as?,Stylish,0
71lNFjPh33L,8a/8a4230aa.jpg,How many cameras are visible on the phone?,Three,1
71lNFjPh33L,8a/8a4230aa.jpg,What type of ports have cutouts?,Charging,0
